{
  "spread_only": {
    "accuracy": 0.93,
    "precision": 0.8771929824561403,
    "recall": 1.0,
    "f1": 0.9345794392523363,
    "auc_roc": 0.987,
    "confusion_matrix": {
      "tp": 100,
      "fp": 14,
      "tn": 86,
      "fn": 0
    }
  },
  "content_accuracies": {
    "0.95": {
      "content_only": {
        "accuracy": 1.0,
        "precision": 1.0,
        "recall": 1.0,
        "f1": 1.0,
        "auc_roc": 1.0,
        "confusion_matrix": {
          "tp": 100,
          "fp": 0,
          "tn": 100,
          "fn": 0
        }
      },
      "combined": {
        "accuracy": 1.0,
        "precision": 1.0,
        "recall": 1.0,
        "f1": 1.0,
        "auc_roc": 1.0,
        "confusion_matrix": {
          "tp": 100,
          "fp": 0,
          "tn": 100,
          "fn": 0
        }
      },
      "improvement": {
        "accuracy": 0.0,
        "f1": 0.0,
        "auc": 0.0
      }
    },
    "0.85": {
      "content_only": {
        "accuracy": 0.96,
        "precision": 0.9509803921568627,
        "recall": 0.97,
        "f1": 0.9603960396039604,
        "auc_roc": 0.9929,
        "confusion_matrix": {
          "tp": 97,
          "fp": 5,
          "tn": 95,
          "fn": 3
        }
      },
      "combined": {
        "accuracy": 0.97,
        "precision": 0.9519230769230769,
        "recall": 0.99,
        "f1": 0.9705882352941176,
        "auc_roc": 0.9974,
        "confusion_matrix": {
          "tp": 99,
          "fp": 5,
          "tn": 95,
          "fn": 1
        }
      },
      "improvement": {
        "accuracy": 0.010000000000000009,
        "f1": 0.01019219569015728,
        "auc": 0.0044999999999999485
      }
    },
    "0.75": {
      "content_only": {
        "accuracy": 0.855,
        "precision": 0.8380952380952381,
        "recall": 0.88,
        "f1": 0.8585365853658538,
        "auc_roc": 0.9296,
        "confusion_matrix": {
          "tp": 88,
          "fp": 17,
          "tn": 83,
          "fn": 12
        }
      },
      "combined": {
        "accuracy": 0.895,
        "precision": 0.8623853211009175,
        "recall": 0.94,
        "f1": 0.8995215311004784,
        "auc_roc": 0.957,
        "confusion_matrix": {
          "tp": 94,
          "fp": 15,
          "tn": 85,
          "fn": 6
        }
      },
      "improvement": {
        "accuracy": 0.040000000000000036,
        "f1": 0.040984945734624634,
        "auc": 0.02739999999999998
      }
    },
    "0.65": {
      "content_only": {
        "accuracy": 0.79,
        "precision": 0.7685185185185185,
        "recall": 0.83,
        "f1": 0.798076923076923,
        "auc_roc": 0.85035,
        "confusion_matrix": {
          "tp": 83,
          "fp": 25,
          "tn": 75,
          "fn": 17
        }
      },
      "combined": {
        "accuracy": 0.82,
        "precision": 0.7857142857142857,
        "recall": 0.88,
        "f1": 0.830188679245283,
        "auc_roc": 0.8991,
        "confusion_matrix": {
          "tp": 88,
          "fp": 24,
          "tn": 76,
          "fn": 12
        }
      },
      "improvement": {
        "accuracy": 0.029999999999999916,
        "f1": 0.03211175616835993,
        "auc": 0.04874999999999996
      }
    },
    "0.55": {
      "content_only": {
        "accuracy": 0.725,
        "precision": 0.7064220183486238,
        "recall": 0.77,
        "f1": 0.7368421052631579,
        "auc_roc": 0.78905,
        "confusion_matrix": {
          "tp": 77,
          "fp": 32,
          "tn": 68,
          "fn": 23
        }
      },
      "combined": {
        "accuracy": 0.77,
        "precision": 0.7288135593220338,
        "recall": 0.86,
        "f1": 0.7889908256880733,
        "auc_roc": 0.847,
        "confusion_matrix": {
          "tp": 86,
          "fp": 32,
          "tn": 68,
          "fn": 14
        }
      },
      "improvement": {
        "accuracy": 0.04500000000000004,
        "f1": 0.05214872042491547,
        "auc": 0.057949999999999946
      }
    }
  }
}