{
  "config": {
    "n_samples": 1000,
    "seeds": [
      42,
      43,
      44,
      45,
      46
    ],
    "n_folds": 5,
    "size_features": [
      "total_shares",
      "shares_per_hour"
    ],
    "account_features": [
      "mean_account_age_days",
      "std_account_age_days",
      "new_account_fraction",
      "mean_follower_count",
      "std_follower_count",
      "small_account_fraction",
      "mean_following_count",
      "verified_fraction",
      "mean_follower_following_ratio"
    ]
  },
  "raw": {
    "full": {
      "gb_auc": [
        0.6193200000000001,
        0.6531399999999999,
        0.60322,
        0.57836,
        0.61848
      ],
      "gb_f1": [
        0.5797238454934039,
        0.5770532071229978,
        0.5469544171036709,
        0.5329662606656439,
        0.5638411990783124
      ],
      "lr_auc": [
        0.5915999999999999,
        0.60292,
        0.60112,
        0.57522,
        0.5793
      ],
      "seed": [
        42.0,
        43.0,
        44.0,
        45.0,
        46.0
      ],
      "k": 25
    },
    "drop_size": {
      "gb_auc": [
        0.53354,
        0.6007,
        0.55625,
        0.5262800000000001,
        0.5651
      ],
      "gb_f1": [
        0.49076156384322117,
        0.541888118445837,
        0.5035618722573868,
        0.5078906803511944,
        0.5036727884217177
      ],
      "lr_auc": [
        0.5434800000000001,
        0.60426,
        0.6019,
        0.5556400000000001,
        0.58104
      ],
      "seed": [
        42.0,
        43.0,
        44.0,
        45.0,
        46.0
      ],
      "k": 23
    },
    "drop_account": {
      "gb_auc": [
        0.62468,
        0.66451,
        0.5951000000000001,
        0.60007,
        0.6273799999999999
      ],
      "gb_f1": [
        0.5748971778749702,
        0.5948877744133634,
        0.5501041063399661,
        0.5437451437451437,
        0.5532332033384812
      ],
      "lr_auc": [
        0.60178,
        0.6064999999999999,
        0.6052200000000001,
        0.5862200000000001,
        0.57284
      ],
      "seed": [
        42.0,
        43.0,
        44.0,
        45.0,
        46.0
      ],
      "k": 16
    },
    "drop_size_account": {
      "gb_auc": [
        0.5727300000000001,
        0.6185600000000001,
        0.5517700000000001,
        0.54699,
        0.58051
      ],
      "gb_f1": [
        0.5370173510243648,
        0.5723101934275119,
        0.5250110459272351,
        0.5092490269222159,
        0.508645438046527
      ],
      "lr_auc": [
        0.5424800000000001,
        0.6063,
        0.6058600000000001,
        0.5631400000000001,
        0.5734999999999999
      ],
      "seed": [
        42.0,
        43.0,
        44.0,
        45.0,
        46.0
      ],
      "k": 14
    }
  },
  "summary": {
    "full": {
      "k": 25,
      "gb_auc_mean": 0.6145039999999999,
      "gb_auc_std": 0.024353481558085276,
      "gb_auc_min": 0.57836,
      "gb_auc_max": 0.6531399999999999,
      "gb_f1_mean": 0.5601077858928059,
      "lr_auc_mean": 0.5900319999999999,
      "lr_auc_std": 0.011189942627198768,
      "n_seeds": 5
    },
    "drop_size": {
      "k": 23,
      "gb_auc_mean": 0.5563740000000001,
      "gb_auc_std": 0.02633626063054509,
      "gb_auc_min": 0.5262800000000001,
      "gb_auc_max": 0.6007,
      "gb_f1_mean": 0.5095550046638715,
      "lr_auc_mean": 0.5772640000000001,
      "lr_auc_std": 0.024326655010502327,
      "n_seeds": 5
    },
    "drop_account": {
      "k": 16,
      "gb_auc_mean": 0.622348,
      "gb_auc_std": 0.024686661499684397,
      "gb_auc_min": 0.5951000000000001,
      "gb_auc_max": 0.66451,
      "gb_f1_mean": 0.5633734811423848,
      "lr_auc_mean": 0.5945119999999999,
      "lr_auc_std": 0.01303556734476868,
      "n_seeds": 5
    },
    "drop_size_account": {
      "k": 14,
      "gb_auc_mean": 0.5741120000000001,
      "gb_auc_std": 0.02550779049623862,
      "gb_auc_min": 0.54699,
      "gb_auc_max": 0.6185600000000001,
      "gb_f1_mean": 0.5304466110695709,
      "lr_auc_mean": 0.578256,
      "lr_auc_std": 0.0248172598003889,
      "n_seeds": 5
    }
  },
  "notes": "Residual decomposition: ablate size and account-prior feature blocks on the label-agnostic synthesizer to localize the source of the ~0.61 AUC residual found in the Apr 28 robustness sweep."
}